#Ange.jpg ---- Ange
Ben_Reilly.jpg ---- Ben Reilly
Brent_Arnold.jpg ---- Brent Arnold
Cat.jpg ---- That Darn Cat
Chris.jpg ---- Chris
Danele.jpg ---- Danele Shoemaker
Derrick.jpg ---- Bemani Derrick
Donovan.jpg ---- Donovan
Dotstry_Jackson.jpg ---- Dotstry Jackson
Doug.jpg ---- Doug
Eiji_Soma.jpg ---- Eiji Soma
James.jpg ---- James
James_Harsono.jpg ---- James Harsono
Jason_Chase.jpg ---- Jason "Chop Bob" Chase
Josh.jpg ---- Josh
Kevin.jpg ---- Kevin Pettinger
Kirk_Kosinski.jpg ---- Kirk Kosinski
Kristoffer_Rouse.jpg ---- Kristoffer Rouse
Mark_Gehr.jpg ---- Mark Gehr
Maya.jpg ---- Maya
Mike_Music.jpg ---- Mike "Nut-Nut" Music
Phong_Nguyen.jpg ---- Phong Nguyen
Sam_Booty.jpg ---- Sam Gibson's Booty
Scott_Robinson.jpg ---- Scott Robinson
Scott_Zagnut.jpg ---- Scott Zagnut McCloud
Summer_Robinson.jpg ---- Summer Robinson
Tim.jpg ---- Tim
Tom_Music.jpg ---- Tom Music
weirdguy.jpg ---- The one weird guy...
